{
   "ballColorRanges" : {
      "hue" : [ 60, 27 ],
      "saturation" : [ 41, 67 ],
      "value" : [ 119, 128 ]
   },
   "ball_radius" : 19,
   "ball_x" : 535,
   "ball_y" : 1244,
   "camera" : "/dev/video0",
   "cameraRes" : [ 1280, 720 ],
   "circleWarpSize" : 100,
   "colors" : {
      "blue" : [ 62, 204, 196 ],
      "green" : [ 0, 0, 0 ],
      "orange" : [ 29, 224, 235 ],
      "purple" : [ 131, 106, 0 ],
      "red" : [ 163, 137, 0 ],
      "yellow" : [ 28, 117, 234 ]
   },
   "fieldCorners" : [
      [ 204, 22 ],
      [ 1038, 24 ],
      [ 1040, 670 ],
      [ 198, 670 ]
   ],
   "fieldSize" : [ 1020, 780 ],
   "fieldSizeMM" : [ 1700, 1300 ],
   "imageScale" : 1,
   "robot10" : [ "[u'yellow', [0, 0]]", "393.5", "180.5", "-0.77294301786" ],
   "robot11" : [ "[u'yellow', [0, 0]]", "364.5", "206.5", "-2.02830562003" ],
   "robot12" : [ "[u'yellow', [0, 0]]", "317.5", "239.5", "-1.53535611894" ],
   "robot13" : [ "[u'yellow', [0, 0]]", "373.5", "180.5", "-2.96825045672" ]
}
